AnguloError,Distancia,Comando
-21.695002072207146,202.53736301126906,3
-21.99050831454585,202.71031627466624,3
-22.788344278085006,201.1592002155726,3
-22.42865040547798,201.7598644424224,3
-21.99050831454585,202.71031627466624,3
-22.39221420142775,201.85278261161008,3
-21.746495262864656,201.8942369454202,3
-22.774962646763782,201.2250680886454,3
-21.963984328396492,202.8448330844508,3
-22.424133528753956,201.91922290269974,3
-22.454516982372056,201.29121276873752,3
-22.66101929744218,202.17180737428617,3
-23.115938816656694,201.1592002155726,3
-22.37047913524954,202.0737016876085,3
-22.616587572013813,202.3919932399513,3
-22.66035733958094,202.140525624922,3
-22.67374743557326,202.0737016876085,3
-22.765870939557914,201.1592002155726,3
-21.594117009819783,203.06695595557753,3
-22.616587572013813,202.3919932399513,3
-22.348005796722447,202.0737016876085,3
-22.518349743474772,200.83845142439483,3
-21.99050831454585,202.71031627466624,3
-22.37047913524954,202.0737016876085,3
-22.37047913524954,202.0737016876085,3
-22.37047913524954,202.0737016876085,3
-21.977278336012347,202.7774335526097,3
-22.52627566694737,203.3394903898184,3
-22.66101929744218,202.17180737428617,3
-22.52627566694737,203.3394903898184,3
-22.20151606546436,203.31059296389492,3
-22.616587572013813,202.3919932399513,3
-22.616587572013813,202.3919932399513,3
-22.460519378517603,201.12521346012795,3
-22.404324167230016,201.7598644424224,3
-22.404324167230016,201.7598644424224,3
-22.473937924583453,201.05874268158044,3
-22.003692428829652,202.62448627011017,3
-22.384683700368825,201.98098311497213,3
-22.136052069511976,203.7510078340568,3
-22.017494842810123,204.63316211112502,3
-22.272585215883353,202.93167240068453,3
-22.53957687641322,203.27309216366825,3
-22.52627566694737,203.3394903898184,3
-22.446132678268683,201.671815375391,3
-22.863888541649075,200.74931747143833,3
-22.500945821932746,201.03755238076437,3
-22.40194289359175,201.8942369454202,3
-22.40194289359175,201.8942369454202,3
-23.079874240121157,201.26505892685006,3
-22.25880707948771,203.02268429434957,3
-23.048383555327646,201.41902922906644,3
-22.49587640494768,200.83845142439483,3
-22.36133169650978,202.00715694297992,3
-22.81488688540786,200.99254912795965,3
-22.75712999884081,201.31278315841834,3
-27.287426565278295,186.37218782067262,3
-26.60075908189195,186.356582125284,3
-26.338557406409464,190.53995464243923,3
-26.832813169815978,187.542290888959,3
-26.764290692988567,187.82012789726932,3
-26.958250253922827,186.91353057505054,3
-26.454314883389344,187.85791536989686,3
-26.508929668250047,187.6242519721616,3
-26.781312157194108,186.05184196348787,3
-27.248096129466518,187.31138700675828,3
-26.272904074152052,186.93950798440136,3
-26.532772709800398,186.71131421770954,3
-27.689226869424658,186.29799009202824,3
-26.82978091417347,187.12231248662448,3
-27.57240903504787,184.75413764140472,3
-27.377893032118592,185.93263885758475,3
-27.505811619987725,185.19688434528598,3
-26.855591702445423,184.883263908711,3
-28.045260550704,184.19899463085204,3
-27.402208230423597,183.79486354983896,3
-27.62796186995496,184.64158642150008,3
-27.684012451746526,184.41160722331608,3
-27.1744962612933,183.0497012675854,3
-28.68872888473298,184.65468628773607,3
-27.181423012762238,183.0497012675854,3
-27.266774247607486,184.79959342781146,3
-28.475700282379194,184.01692312776044,3
-27.397521119307527,183.99695367041966,3
-27.931103954683408,183.0263850454815,3
-27.843503419098298,183.5216206968392,3
-27.463929317126855,183.72074049238043,3
-28.220689849678365,183.60180493076138,3
-28.505432870471864,184.21187564728228,3
-28.67423253976831,181.31528246435244,3
-28.384504910060045,183.03578680790903,3
-27.80549403363979,182.20515480712206,3
-27.85371561150994,184.06198080436454,3
-27.920825573541677,181.7306843668499,3
-28.665660895174895,181.68717437263774,3
-28.164104119917056,182.3388051144352,3
-27.673841613211593,183.0515280186495,3
-30.35762336100484,182.50331040952472,3
-27.42973671907781,182.45162122552628,3
-28.36763564386382,181.2167294040801,3
-29.10191532399483,181.2167294040801,3
-28.898383800048066,182.3388051144352,3
-28.3736332722916,183.07978960755068,3
-28.82720264181168,180.47115159828655,3
-28.42687310337716,182.8379749599412,3
-27.50149350823007,183.96991511925404,3
-28.180374672681594,182.11626598890018,3
-27.70366834933533,184.4151581949869,3
-27.911591333137537,185.30978355437568,3
-27.838979143570683,185.71052279585942,3
-27.864385593827635,185.5431484247288,3
-27.501933143278293,185.5431484247288,3
-27.85526859501634,185.5431484247288,3
-27.081529623080954,183.70948192889557,3
-27.04228686243846,186.08157567254702,3
-27.76981321501512,186.13593112702318,3
-26.68931632181041,186.13593112702318,3
-26.495756765997925,187.2685695624034,3
-27.065642457507096,185.9828072970605,3
-27.117502257119142,185.5184290493367,3
-27.900026392055096,185.13794440179942,3
-27.772569992935985,185.98367761578174,3
-27.061016420857356,186.08779056650357,3
-27.397126597822094,186.24894788768358,3
-28.080458279868097,184.40200263972324,3
-27.596718411041422,185.1217752339004,3
-28.582375692099788,183.51155397194188,3
-27.901127794938077,185.35316947569734,3
-27.88974945814664,185.40033202523753,3
-27.638713504725487,182.63019373662405,3
-27.25274664561141,184.8967383716631,3
-27.43548451354785,183.76276540285076,3
-27.196899545682456,185.13084535532835,3
-27.980850767006558,184.7364849424465,3
-27.623166350196215,184.68892548276466,3
-27.333399587500395,184.2919804811809,3
-26.981377532035935,184.1815435497718,3
-27.402472062604673,183.79632044173118,3
-27.75092641595913,183.9483562855352,3
-27.97946794209244,186.71073414710827,3
-26.81686027459638,187.26188780850123,3
-26.87167692573965,186.88225688142603,3
-26.107873853011,187.26188780850123,3
-28.495611981279012,185.6439618376621,3
-27.145992143227133,185.16708207254499,3
-27.269579707837835,184.41422397132513,3
-27.54927199618764,187.01349829179847,3
-26.721240080411107,185.54736551993082,3
-27.58253678555137,184.6463955596209,3
-27.010963738369085,185.93263885758475,3
-27.071844024980507,185.6523782164904,3
-28.21984285114479,185.14836183730597,3
-27.60154701190592,186.5522418395526,3
-26.821544799591805,187.0635763828662,3
-26.395056109076563,187.58523257552218,3
-27.169343850075535,187.17126942779802,3
-26.428404541054945,187.39288280818502,3
-27.2057127846644,186.8628509462504,3
-27.583338634107733,184.59656027833992,3
-27.325248780281015,186.1133784551952,3
-27.85400357986184,187.12394802828052,3
-27.269687818727505,186.34311790283434,3
-26.570289415163913,186.34990864597492,3
-27.35151801971989,188.0200858448057,3
-27.709444205511915,188.0200858448057,3
-26.62220733986024,185.96012925382098,3
-26.805080479195723,187.04262083368022,3
-26.04209381363394,187.4392090564409,3
-26.424274669011567,187.33462304263037,3
-26.668831960684585,187.89557043378568,3
-26.75589660462964,187.52238021318715,3
-26.62220733986024,185.96012925382098,3
-26.29773554729492,187.99795900039717,3
-26.665557456814057,187.94664676518738,3
-27.487074286112332,187.12394802828052,3
-26.792869386967965,187.09384233610075,3
-27.08122156378363,187.47330732077796,3
-27.093418689872678,187.4225130543416,3
-26.506617199051846,186.66771293415133,3
-26.701507220637865,185.53105530994438,3
-26.51550853658337,186.66771293415133,3
-26.04209381363394,187.4392090564409,3
-26.264908561544715,188.08955021407593,3
-26.448360764476575,186.95118478188806,3
-26.17000984245729,186.53051046106765,3
-25.93105024170295,188.17041772069376,3
-25.978947058200475,187.6717726629978,3
-26.106439898571594,186.76267763796386,3
-26.978278729013326,187.82784394969795,3
-26.884089225228678,188.47959593382987,3
-26.89262112454847,188.57708941065488,3
-26.685079309915594,187.77698138474133,3
-26.44642854183158,187.01767789155,3
-26.144946636994575,186.69292213167262,3
-26.593471304024902,188.25161116029318,3
-25.58765611719585,188.11724365182081,3
-27.349412937877148,185.8337618647339,3
-27.289221075055636,184.02814127861907,3
-27.32193001811254,183.7209524461579,3
-27.939762629848985,181.3540680374746,3
-28.37093047249347,180.92688372975368,3
-28.168629689305746,182.03970918201503,3
-28.8872823790349,182.19217660481416,3
-28.800541009157627,180.65843006278774,3
-28.751160069238182,180.88424371311817,3
-27.745290452309476,182.26553473458918,3
-28.68388055809281,181.15271551862057,3
-27.91010039085046,181.3988717554151,3
-27.854279273189846,181.62644710321248,3
-28.202198283662867,181.8079183529781,3
-28.202198283662867,181.8079183529781,3
-28.694693806823295,181.10960200424347,3
-28.325141034471216,181.10960200424347,3
-28.261696619778263,181.53785725540706,3
-28.17935569077717,181.99650885352898,3
-28.615457044571585,181.72816614481684,3
-27.439249940737383,182.20104260732197,3
-28.5458350630783,182.10802023546003,3
-28.91538783543038,182.10802023546003,3
-27.460089007863914,182.0197110639108,3
-28.535360921062008,182.15000246921346,3
-27.525785982175094,181.74811445448535,3
-28.484199482667663,182.53105940381798,3
-27.923942113961573,181.6198852189656,3
-27.931048126515122,181.6198852189656,3
-28.1293034583382,180.50146996516082,3
-28.083522122590608,178.74263956554884,3
-28.035020016637162,178.9710014340297,3
-28.110129302519965,180.4916922964511,3
-29.064446639578037,179.3426591031742,3
-28.57786297311378,179.98703014473497,3
-28.869819417113106,180.40945610629944,3
-28.786059123111613,180.8367233047876,3
-28.002302843510222,181.099645306648,3
-27.87955770002327,181.80361142040144,3
-27.532691216097803,179.61120043004001,3
-28.26010620061274,179.61120043004001,3
-27.561382792874625,181.40894079006878,3
-27.486934342626768,181.88946032823065,3
-27.98165899909634,181.1836805398015,3
-28.355950092601446,181.1836805398015,3
-28.263918905768705,179.65310955887261,3
-28.063741143026306,180.7705042680568,3
-27.6790417967551,180.81316511547178,3
-27.062040303296328,182.25731928217854,3
-26.76820274183997,181.86656001997216,3
-27.905145653370553,181.49468887122214,3
-27.838728483245276,181.76407801894948,3
-27.727609154705178,182.43067813152672,3
-27.7124444420822,182.56757329837222,3
-27.15032692454625,181.6688763829559,3
-27.379014537867846,182.52123262529236,3
-26.956502521088993,182.79236463304315,3
-27.37724106368067,182.34215134183162,3
-27.43207915774758,182.11603370695045,3
-28.20180469228528,181.86808561264496,3
-27.656245223698292,183.0099392207761,3
-29.417024701052952,183.3219854650566,3
-27.63713050215941,182.9802981792,3
-27.576618283401118,183.41586629371082,3
-27.7124444420822,182.56757329837222,3
-27.221747109269003,183.28072974714033,3
-27.439142149548076,181.98471051212633,3
-27.178001948453115,183.46256964212455,3
-27.32496460985776,182.74815402409024,3
-27.901481722463046,181.40504373327582,3
-27.175014589777305,181.27122179937112,3
-27.32242086264158,182.56781129027175,3
-27.815514274563,181.85810827005656,3
-27.810836304332298,181.85810827005656,3
-27.39513690546829,182.1671632733181,3
-27.978054786410482,182.97337904415116,3
-28.15686869165212,182.04915093862445,3
-27.321350048917907,182.79236463304315,3
-28.029258572899323,182.79283510071906,3
-27.586563559389276,181.08911183293048,3
-27.52107346870767,181.54315574219854,3
-27.20382843168693,181.13376361942363,3
-27.355746103522918,182.43067813152672,3
-27.20382843168693,181.13376361942363,3
-27.497193032768593,181.53727960886127,3
-27.20382843168693,181.13376361942363,3
-26.66012437770047,182.09123706758305,3
-26.61643969627407,182.27302765401714,3
-28.76984716144335,182.4516082907622,3
-27.21283732882698,183.01775048520693,3
-27.448631614593126,183.64364865918515,3
-27.146827605878002,183.28804482996057,3
-26.8327157797806,183.29112520335744,3
-27.67709928263386,182.92298525367326,3
-28.33816999671825,181.3360600474968,3
-28.03559088818737,180.7995471717372,3
-27.31783134165464,182.69875141403793,3
-28.300166078536463,181.30807753023797,3
-87.1720669931855,293.209840076237,3
-86.8262405711687,287.62111095167467,3
-85.46483472663017,280.2351619338107,3
-87.23499233592561,314.38985440189725,3
-82.79156574738519,274.5654889184607,3
-80.78694688968486,279.87900902915356,3
-82.34520594250844,308.9891025696477,3
-82.4930844456789,308.14051381652894,3
-80.10677487628172,277.74222145861785,3
-81.86032579629193,306.3382177017917,3
-80.11497604192503,276.7182002824897,3
-81.38607965972597,307.05937636806397,3
-81.54155806999479,307.2580386680063,3
-82.10535489967572,304.1108350163009,3
-81.67570493400744,302.0516048398479,3
-82.34709134598785,292.79205504743993,3
-82.18323621958434,286.4087346588746,3
-82.36204241413424,291.76361073036435,3
-81.71616234099979,289.52908058999157,3
-84.25709029223087,288.9300415595381,3
-86.04770253319714,289.7450629249552,3
-87.37211968047328,294.0907797198812,3
-88.29841518253583,294.0419230441497,3
-89.63532404136906,299.7387870977667,3
-90.88934924553718,300.51301825669276,3
-92.40203253310375,308.53134848006795,3
-27.7992986091607,182.5104362124096,3
-27.87337241596518,182.2014484503053,3
-27.96913896687184,183.73328398938355,3
-27.653480619316667,183.50764423246352,3
-26.63407936584953,183.3051628066475,3
-27.955999039994126,182.06680133777513,3
-26.975504013485022,183.48770468110888,3
-28.008041377982778,181.75274929776077,3
-28.323007499440735,182.0679091134533,3
-28.196836328326427,180.80351824887387,3
-28.274678326652293,182.4496617001495,3
-28.889965497438965,180.99326474626616,3
-28.354098640530523,179.79553654310766,3
-28.558268519880585,180.71860603314292,3
-28.842672231447793,181.18751765570562,3
-28.68937141537657,180.09589250933567,3
-28.578120164848272,180.7556023556011,3
-29.324634882452287,180.5866581087357,3
-28.90371615780505,180.83783276666307,3
-28.305624819777577,179.99385818926538,3
-28.513984418805748,178.87403400461213,3
-29.035285647780654,179.99385818926538,3
-29.133750927575036,179.34745623631687,3
-30.509895984402746,181.78259682154805,3
-28.471636078321552,180.7120796681362,3
-28.414351441880882,181.04654598295818,3
-27.498324635791363,182.1445731088764,3
-27.875150296093395,182.1940233963567,3
-28.212398012428125,182.34841693614928,3
-28.445186527987218,181.03516495739788,3
-28.234644530284626,182.33838053103642,3
-28.772310519976344,181.4565953986345,3
-27.598049086903032,179.81343499039397,3
-27.46262548813857,180.503669082216,3
-28.239539608537967,180.26376799553424,3
-27.65499712409013,179.41906845545773,3
-28.75771293573129,181.53577626996596,3
-27.920590846445307,182.04348341408138,3
-28.436455026934325,181.2607032019038,3
-29.069499783220024,181.85064215568985,3
-28.791455039525957,181.37815219870728,3
-27.92019917880674,180.1058465964014,3
-28.854891345745514,180.9710767863846,3
-28.015494531282513,181.6460722559391,3
-28.28217681553319,180.25284017029443,3
-28.486249603243593,179.1341099773098,3
-28.691578116016686,180.0358964730499,3
-28.7458435116106,179.8050405801355,3
-28.283412834579295,178.43347927154767,3
-28.816376536664748,179.5368831745699,3
-27.734678784526054,179.36242942745452,3
-27.734678784526054,179.36242942745452,3
-27.88014465178331,180.48517749413548,3
-28.54816615668514,180.87888603434627,3
-28.270617121311176,180.4088191608664,3
-28.622266245160873,180.57370125210775,3
-27.505556768415417,180.60403713235087,3
-28.72536937992426,180.06543339869808,3
-28.730945970146934,179.88546247904358,3
-28.440780546685744,179.4501523045099,3
-28.297918571739643,180.2956079248209,3
-28.737635487584143,179.84828839427163,3
-27.90483367062008,180.48825515549956,3
-27.61503849348462,182.06603407467088,3
-28.25163705754275,180.4874678471123,3
-28.430262599471718,181.56299348213022,3
-27.65333740186344,179.79192254796416,3
-27.889995397356415,178.44252799946253,3
-28.7091722831196,179.96425966720395,3
-27.983182070834317,181.9540337605468,3
-28.131653312098337,181.0715563407334,3
-27.69531848958239,181.5248944688937,3
-27.983182070834317,181.9540337605468,3
-28.12247252067327,181.1092656290932,3
-27.406049981069472,181.10052953728305,3
-27.69531848958239,181.5248944688937,3
-28.062594096920478,181.5248944688937,3
-28.71770310508913,181.9540337605468,3
-28.067363776785683,181.5248944688937,3
-28.101264925231234,181.46305793601547,3
-27.786013123237993,179.0730040384536,3
-27.80565148521096,180.88227715503885,3
-28.383699182898823,179.77445323224143,3
-27.475895309434378,180.71971043655267,3
-27.54319277616726,180.25169290598245,3
-28.296451866727807,180.2133505829116,3
-27.406049981069472,181.10052953728305,3
-27.406049981069472,181.10052953728305,3
-27.351578888809883,181.3297164283532,3
-27.41512930039019,181.06228975196154,3
-26.645792307103648,184.89027926330675,3
-26.709092105781195,184.62218691022986,3
-26.16800590779043,185.61071505774146,3
-26.582199073269237,185.15905312980337,3
-27.569694190032635,183.55989578521667,3
-26.582199073269237,185.15905312980337,3
-27.0087436352364,184.6741733039422,3
-26.251527969240783,184.9401775397703,3
-27.02928914572196,184.58887045522272,3
-26.135572171451997,185.7499849057882,3
-26.27210582185006,184.85275548353732,3
-26.261841867801436,184.89636786106067,3
-26.359041896979363,186.4172844639006,3
-26.549375756963258,185.29755986903592,3
-26.912002430925767,185.29755986903592,3
-26.125389864234606,185.79367605574257,3
-26.35059636287498,186.69202788656978,3
-26.06232203304222,186.06395860666703,3
-26.475504027957385,185.8375648615898,3
-25.888460966525443,184.8613911618122,3
-27.319692936137017,184.89805572280275,3
-26.70903830226038,186.4612781926318,3
-26.815822867168464,183.77455908324103,3
-26.243771649919623,187.14423125172027,3
-25.743116021488078,185.74053896604272,3
-26.94936116108215,187.04269588349047,3
-26.37807875685253,186.2450760033623,3
-25.974601451839547,186.3518057456436,3
-26.730020251000226,188.20946536548715,3
-25.963800895059578,186.39812663295385,3
-26.443672965462525,185.6621626512569,3
-25.677406575365566,186.0148386728854,3
-26.165838919553067,185.22469825537476,3
-26.79275245693087,185.78993266849838,3
-26.50537088210001,185.39169164538438,3
-27.361378063576026,186.60092087053528,3
-26.50537088210001,185.39169164538438,3
-25.845726741327795,185.04364176541463,3
-26.41225856104718,186.10851425967638,3
-26.411133218089546,185.87927773661985,3
-26.12373114431726,185.48177463021247,3
-26.12373114431726,185.48177463021247,3
-26.018890365810037,186.17135875636984,3
-26.155080584540414,185.2704742062584,3
-26.503118778036352,185.39169164538438,3
-25.017862673563044,185.74053896604272,3
-25.46377480155772,185.31411389745548,3
-24.888563908946452,186.6445124400317,3
-26.507651492675294,185.39169164538438,3
-25.53651443812349,187.0273131262056,3
-26.031844278137683,186.1255016098041,3
-26.317035457370977,186.51537025720967,3
-26.29578781196774,186.68592350861465,3
-25.885677690596054,187.14423125172027,3
-26.055963143384346,186.19264586997804,3
-25.12906203112574,187.50327880964423,3
-24.888563908946452,186.6445124400317,3
-24.938151625541607,188.6841259895573,3
-25.301126611660635,186.4160554794238,3
-24.76050572817583,187.54946076317643,3
-25.405085568982614,187.9301182911199,3
-25.17040506016204,187.3206171592993,3
-25.301126611660635,186.4160554794238,3
-25.638615847438643,186.33491525853373,3
-25.165579085242896,187.07325043889645,3
-25.51940453014393,187.1891293805083,3
-25.415540677292725,187.88430898949284,3
-25.462533848915456,187.41500651323125,3
-26.212191026032798,187.13107635299497,3
-25.11859968749941,187.54946076317643,3
-26.864533498781825,187.49245113750257,3
-26.57028498535638,187.13107635299497,3
-25.805781594078454,187.22518261804575,3
-25.842312709982536,187.25401286230868,3
-26.152937889263868,189.54730031355206,3
-25.870290574558013,189.15464355108492,3
-26.190022614429353,187.13384005817835,3
-26.137163403291055,187.35710761808895,3
-25.95065788226924,188.47857309864628,3
-26.245183480462487,188.8261580005265,3
-25.379667756912426,187.7060095314174,3
-25.482538745696445,189.21609550359196,3
-24.68136722489811,189.82080169508953,3
-25.799784788209763,189.39232138576617,3
-24.68136722489811,189.82080169508953,3
-25.060681341647637,191.38619987532755,3
-24.836575218568356,190.02793574190093,3
-23.016949255229832,198.80998730669458,3
-20.828162137274717,205.55076460903769,3
-18.457131502049606,214.74287594043963,3
-15.583641219293952,227.95224454297482,3
-12.694173489028856,250.05051206314386,1
2.701273236651076,288.36507801686827,1
1.792768689421166,289.82560426463544,1
2.0171199304923135,288.81748570353926,1
2.0906156421893627,287.3487521807746,1
2.4760441767281947,288.3849789618546,1
2.0699520601300634,288.3849789618546,1
2.054081886190062,289.0698957942342,1
1.8403417237993693,289.07870673944547,1
2.0953446454343236,288.25937148848953,1
2.295379838807108,288.4894540202957,1
2.2522786258393666,289.07870673944547,1
2.480763742711318,289.0698957942342,1
1.8882668086110215,288.2686990827681,1
2.3780671199039745,288.93494769136964,1
2.762089260299689,287.9214174634104,1
2.114668239791385,288.5338521946182,1
2.0689604452027197,288.2814952278484,1
1.6657662640852209,287.28160116535497,1
2.0135280293565927,287.83737197659354,1
2.2125561510168836,287.8525152554692,1
2.0438600170820536,287.0278732109479,1
2.2711506512715545,287.2352412104432,1
2.458778119296511,287.0278732109479,1
2.062155734248904,287.09117390556844,1
2.4679864805501666,287.09117390556844,1
2.4986513254799974,286.2817078429151,1
2.7877999376105436,287.9351406444921,1
2.75972842784617,287.7426401396428,1
2.76356245085654,286.7428248839529,1
3.472869098953794,286.53977769030644,1
3.032322780514164,287.3420603702393,1
3.674219034313495,286.3131550637845,1
3.088481847747829,287.7942043167687,1
2.41933236233281,288.019868679563,1
2.634324217021586,288.2258519290949,1
2.418152658576119,288.2445854894409,1
2.639363888802407,289.28281223302656,1
2.2244457865879497,289.28281223302656,1
2.0720920676431973,289.51378546950946,1
1.6601647057020728,289.51378546950946,1
1.9068314236420747,290.9663823388103,1
2.463170580900851,290.5136839978695,1
2.2376958200296997,290.3117724940985,1
2.5399056625859515,290.9493126075651,1
3.378171859769921,288.2681487288047,1
2.3181932959506213,291.9662064399655,1
2.27789720481114,290.50118389978206,1
2.700484886587077,290.720783458674,1
3.17700436509719,291.60114657229275,1
2.340188489042319,290.9663823388103,1
2.2484256127828104,290.52962556829374,1
2.467813380474766,289.5492315005569,1
2.6936465685701023,289.76428200045814,1
2.6476982833278555,289.33938020422437,1
2.4398483010797776,289.3583404632212,1
2.857791039487509,289.3583404632212,1
3.5034468894347697,287.7107942254659,1
3.5034468894347697,287.7107942254659,1
2.6671619242403466,288.2829587391066,1
2.3664949909463076,286.8027698860646,1
2.397329114325643,288.88836033675045,1
2.817611949734811,287.8884406565588,1
2.8337411832943786,289.3583404632212,1
3.0196104612712986,289.1497407311722,1
2.8337411832943786,289.3583404632212,1
2.9960496184582155,286.84433279839857,1
2.0067281811445383,289.1347239074403,1
2.399847157113399,287.8884406565588,1
1.535753456317991,286.640818376806,1
1.9394475774502382,289.8615815880624,1
3.0928888936171006,286.2147110902692,1
0.9904886434465254,282.2743027713332,1
1.7687347427801967,281.7488031095167,1
2.2735637922372263,278.9928965803351,1
1.0699453426518204,276.77852346776643,1
2.092203219917863,277.60660145658846,1
1.117689796469847,275.48524485005623,1
0.13175364909399434,272.636782647578,1
0.30391350593372124,273.3393228294193,1
0.5602486549154264,268.0761267217961,1
-0.21065084361609365,263.24232926501446,1
-0.5845961780166249,264.6798810787421,1
-0.944673047026896,261.7914110821354,1
-0.9434616549870753,260.8032936194509,1
-0.9355615566158377,259.87231161228647,1
-1.024099289596876,251.87363649966414,1
-1.2767741124137615,250.71255584047682,1
-2.349563991164601,253.1470359851369,1
-1.8522681411195236,252.43561945182645,1
-0.6596204736502642,252.8948366110154,1
-2.2208668054347243,255.1183931005036,1
-1.4483861730127927,254.6133311203518,1
-1.6514324559096991,255.76295972871557,1
-1.030126740610669,256.8676980135089,1
-1.0832226050277143,256.5412773080246,1
-0.47212163203212754,258.6064135453766,1
-0.21869595229345862,259.7710742431308,1
-0.49222004154607646,258.4598295327729,1
-0.22563416726475793,259.7710742431308,1
-0.21869595229345862,259.7710742431308,1
-0.31635556914621077,259.1057841602638,1
-0.6214563266891275,256.5412773080246,1
-0.5792616606659493,257.83580176350415,1
-0.8721626451686433,257.3862370016439,1
-1.5499224243562395,256.4197510204358,1
-1.6014256686252253,256.0614810679732,1
-1.082107758659717,255.5416356127739,1
-0.8353814838705063,256.68055356034864,1
-1.2665577379868154,256.79005745410984,1
-1.0144044639378222,256.0213403470324,1
-0.8146965730184519,255.86448427989112,1
-0.7707497883262135,256.15704935784345,1
-0.994648661059955,256.1298051340557,1
-0.6240902243817459,256.5307225619422,1
-0.8390084491628755,256.60812664973537,1
-0.5993128532040259,261.22722092597866,1
-0.3730947222026799,261.2031741618327,1
-0.3463529610042002,262.3031446372465,1
-0.17899413201411107,264.48588352621397,1
-0.5635962152532841,264.8851964905704,1
0.5994107376481708,266.24245820172973,1
0.045379604485191294,263.59208352297856,1
0.17474296868934402,264.01155095699045,1
-0.5388485220514809,263.50987582801235,1
-0.28958375312865314,264.6712496755367,1
-1.480928071686435,259.76095185132255,1
-1.529551330578741,258.46841234302497,1
-1.0611223611038412,258.6394087328493,1
-0.7386434710940648,255.76295972871557,1
-1.4239529173330823,255.7282237540691,1
-1.427689184678968,254.72876337500057,1
-1.1880886980871708,251.3017241485961,1
-1.2486445366322272,254.42661426662693,1
-1.588246728303801,250.77836471955558,1
-1.6093697989455222,250.68105689074957,1
-1.4883914191350271,253.36983871218186,1
-1.6670217990186131,249.30309382351336,1
-1.6454672348070716,248.48118055217608,1
-0.9037564058852894,250.8161325073716,1
-0.6904478175686961,249.6588210839606,1
-1.030093620750165,253.36983871218186,1
-0.4033434399378848,254.42805866536733,1
-1.0172328096027314,257.89452845200935,1
-1.0332228447494316,256.8314688271785,1
-0.6343606821532575,261.4265777966272,1
-0.07011286517833071,262.67539378651213,1
0.5368269574648394,275.32165945820464,1
0.5604845357077437,278.8425328876581,1
-0.2765632678572274,276.3464515831765,1
-1.2977178650667582,267.52379550264146,1
-1.1631922827929486,273.346574812361,1
0.16954851616935684,275.6093314724549,1
-0.5263632848201354,275.05450531071057,1
0.6979457691622457,265.07456133731466,1
-0.3997769100701447,266.2039409601756,1
-0.5828789680890765,263.4736024209953,1
-2.2666196435468606,246.83446950583965,1
-2.901270096391926,244.80025201297732,1
-3.146040948381568,242.23746286341367,1
-4.497165786112319,236.90360683561775,1
-3.8873060880658556,235.35658120731907,1
-3.828271275564603,239.30783277059956,1
-3.3988615492587257,237.99992946821894,1
-2.7452968440306336,240.78530562816206,1
-3.2662931419301486,240.60502084592324,1
-2.776010174456246,240.6254076113738,1
-2.827537448953535,240.44760254234345,1
-3.2969752385564277,240.44760254234345,1
-3.1422820892720864,238.9191019606418,1
-3.60796497627274,238.9191019606418,1
-3.1594222785909665,237.9216487567759,1
-3.339794392606578,238.29658245141712,1
-2.8933345195956264,241.60737207869678,1
-3.2988603102672585,243.76546404647402,1
-3.5300185715783527,239.6835838523108,1
-3.353390578482035,242.4467448391496,1
-3.633666252205302,242.35030944573637,1
-2.764912858360063,243.34896100502573,1
-2.7608750399011655,244.2090872253397,1
-2.562346767051224,243.1381494257429,1
-2.3346110080404827,244.06882922745572,1
-3.1754586378684024,245.50727194801544,1
-2.7760778557952506,243.2111802430157,1
-3.504389610353712,243.11756531123342,1
-3.496954823131489,242.2804107237731,1
-2.9896592988118726,244.41420780780848,1
-2.497095394209836,243.44935809957752,1
-2.469633643869855,243.63732320538762,1
-2.4116293113272746,244.9377618169945,1
-3.7432436577246335,243.18891553537236,1
-3.3403823062493956,246.03309637813138,1
-2.58093181737361,245.43233930124603,1
-2.074106571306274,246.61471245247375,1
-2.5600796733663884,246.44970211486643,1
-106.57906602964889,415.1457087542911,3
-108.25549228657823,423.2548774844559,3
8.742685375551531,335.206447931086,1
152.71941837244447,100.97836843283547,4
33.52107650174335,237.8850657228528,4
34.13282765651357,215.87177015051208,4
29.949120504319296,202.48808311873557,4
97.78135208602487,121.87132316610311,4
102.66254868522287,128.63270520893337,4
106.54077237004137,128.17911562168365,4
104.48838356157637,112.54513744023046,4
102.90766709363243,111.18749017926405,4
103.07063636205794,111.01196695756474,4
103.57834670556753,111.18749017926405,4
103.98825778880894,112.35393538663374,4
103.28084374491851,113.33646569744138,4
105.08697440411854,112.54513744023046,4
102.87354349805781,112.17132268225856,4
103.4864652873062,112.17132268225856,4
102.78326004139831,113.15543863293011,4
105.88279532021949,110.78769699822261,4
105.85178689492614,110.02348526938711,4
106.04662487727822,108.07253115836681,4
104.23014656608302,108.62512288484011,4
107.17651076870419,104.17620338293393,4
106.97546888488824,105.38230485134754,4
106.35799807440736,105.90172570148607,4
106.93900727627255,105.38230485134754,4
106.2864248797888,106.12340303217425,4
106.2864248797888,106.12340303217425,4
106.97546888488824,105.38230485134754,4
106.4995399029786,104.17620338293393,4
105.96317512652905,103.95037367275752,4
105.86451416292743,104.17620338293393,4
105.86451416292743,104.17620338293393,4
106.55969524632593,103.4404894416856,4
106.1584031394425,102.97539767722425,4
106.82989600715803,102.23104240608886,4
106.8325577059795,101.50093367101898,4
107.48692510833143,113.87016707153516,4
106.11317361643887,115.57209483335375,4
106.72609540568726,115.57209483335375,4
107.89216002328757,115.80980212722154,4
106.80724572771157,114.60000630124884,4
106.84289959959551,114.60000630124884,4
106.31957728453517,113.62840219030996,4
105.74310015976559,114.36852836191336,4
105.94243894473965,113.16983456367623,4
105.86720491823951,114.14534206481352,4
106.57668365916572,113.16983456367623,4
106.46579576078165,114.14534206481352,4
106.61940981046524,113.16983456367623,4
105.58536591648743,112.74488514348161,4
106.23340614323536,111.97616992320249,4
106.01782546497103,113.93049613916719,4
106.01782546497103,113.93049613916719,4
104.1408437473134,114.70355027575971,4
105.79465830563976,115.12126986363867,4
105.79465830563976,115.12126986363867,4
106.01782546497103,113.93049613916719,4
105.30793038282883,114.90824866144392,4
106.1656617589559,113.72403785453758,4
104.29275690032273,114.5072193413465,4
104.29275690032273,114.5072193413465,4
104.23389841405555,115.48874811517648,4
104.32921850893842,114.5072193413465,4
130.96162349089354,175.24965583503456,4
-3.77835024609177,249.68980756130196,1
-5.324699938724958,245.8373446000424,1
-4.503105358307144,252.4480144505003,1
-2.6242200277820564,256.12692166189794,1
-3.275211130889276,256.9435735720977,1
-3.4973068592280754,257.0311265197272,1
-3.7244007503994334,256.12692166189794,1
-3.485571112934495,256.03515383634334,1
